,mean_fit_time,std_fit_time,mean_score_time,std_score_time,param_kpca__degree,param_kpca__gamma,param_kpca__kernel,param_kpca__n_components,params,split0_test_score,split1_test_score,split2_test_score,mean_test_score,std_test_score,rank_test_score
0,0.2734866142272949,0.0552035828850005,0.022815783818562824,0.0011380876403489038,2,0.005,poly,50,"{'kpca__degree': 2, 'kpca__gamma': 0.005, 'kpca__kernel': 'poly', 'kpca__n_components': 50}",0.5724137931034483,0.5908045977011495,0.4528735632183908,0.5386973180076629,0.06114923323604601,81
1,0.31948010126749676,0.03277905801871515,0.035088698069254555,0.004730955900769488,2,0.005,poly,100,"{'kpca__degree': 2, 'kpca__gamma': 0.005, 'kpca__kernel': 'poly', 'kpca__n_components': 100}",0.5770114942528736,0.593103448275862,0.4528735632183908,0.5409961685823754,0.06265744397474216,80
2,0.782339890797933,0.07102413399743801,0.059035301208496094,0.003153413236970199,2,0.005,poly,500,"{'kpca__degree': 2, 'kpca__gamma': 0.005, 'kpca__kernel': 'poly', 'kpca__n_components': 500}",0.5793103448275863,0.5954022988505747,0.45057471264367815,0.5417624521072797,0.0648132734215801,79
3,0.2618141969045003,0.001678772122495547,0.024953047434488933,0.0008873832396682331,2,0.005,sigmoid,50,"{'kpca__degree': 2, 'kpca__gamma': 0.005, 'kpca__kernel': 'sigmoid', 'kpca__n_components': 50}",0.40229885057471265,0.37471264367816093,0.34942528735632183,0.3754789272030652,0.021592341461464173,91
4,0.31941429773966473,0.0026602860464150506,0.030430078506469727,0.0009075353862526884,2,0.005,sigmoid,100,"{'kpca__degree': 2, 'kpca__gamma': 0.005, 'kpca__kernel': 'sigmoid', 'kpca__n_components': 100}",0.4,0.37471264367816093,0.34942528735632183,0.37471264367816093,0.020647039977482736,97
5,0.811063289642334,0.044739303017084134,0.07143497467041016,0.0008213112755962516,2,0.005,sigmoid,500,"{'kpca__degree': 2, 'kpca__gamma': 0.005, 'kpca__kernel': 'sigmoid', 'kpca__n_components': 500}",0.4,0.37471264367816093,0.35172413793103446,0.37547892720306514,0.019715985180488303,94
6,0.1983931064605713,0.009972154766206281,0.019351641337076824,0.0008529890042027374,2,0.01,poly,50,"{'kpca__degree': 2, 'kpca__gamma': 0.01, 'kpca__kernel': 'poly', 'kpca__n_components': 50}",0.864367816091954,0.8390804597701149,0.774712643678161,0.8260536398467434,0.03774286699164672,26
7,0.24225735664367676,0.012537573709504264,0.023561954498291016,0.0014348198199932772,2,0.01,poly,100,"{'kpca__degree': 2, 'kpca__gamma': 0.01, 'kpca__kernel': 'poly', 'kpca__n_components': 100}",0.8505747126436781,0.8620689655172413,0.7908045977011494,0.8344827586206897,0.031239566453087352,19
8,0.6048405965169271,0.027234741593202844,0.04899374643961588,0.0022762922106200614,2,0.01,poly,500,"{'kpca__degree': 2, 'kpca__gamma': 0.01, 'kpca__kernel': 'poly', 'kpca__n_components': 500}",0.8275862068965517,0.871264367816092,0.8229885057471265,0.8406130268199234,0.021754895887476457,16
9,0.2667929331461589,0.003045075983928163,0.026110728581746418,0.0006992376554406416,2,0.01,sigmoid,50,"{'kpca__degree': 2, 'kpca__gamma': 0.01, 'kpca__kernel': 'sigmoid', 'kpca__n_components': 50}",0.37471264367816093,0.3724137931034483,0.3310344827586207,0.3593869731800767,0.020070192879247203,100
10,0.3346916039784749,0.01981970597482556,0.030411561330159504,0.0012427063756880574,2,0.01,sigmoid,100,"{'kpca__degree': 2, 'kpca__gamma': 0.01, 'kpca__kernel': 'sigmoid', 'kpca__n_components': 100}",0.3724137931034483,0.3724137931034483,0.3310344827586207,0.3586206896551724,0.01950639396376684,103
11,0.792609453201294,0.0044355840011929965,0.07017334302266438,0.0017658667022444718,2,0.01,sigmoid,500,"{'kpca__degree': 2, 'kpca__gamma': 0.01, 'kpca__kernel': 'sigmoid', 'kpca__n_components': 500}",0.3724137931034483,0.3724137931034483,0.3310344827586207,0.3586206896551724,0.01950639396376684,103
12,0.2057365576426188,0.02371134082289558,0.020320336023966473,0.009030300339325935,2,0.1,poly,50,"{'kpca__degree': 2, 'kpca__gamma': 0.1, 'kpca__kernel': 'poly', 'kpca__n_components': 50}",0.8298850574712644,0.832183908045977,0.8620689655172413,0.8413793103448276,0.014659867026596904,15
13,0.1996022860209147,0.005947628710052383,0.01699995994567871,0.0013400679008256139,2,0.1,poly,100,"{'kpca__degree': 2, 'kpca__gamma': 0.1, 'kpca__kernel': 'poly', 'kpca__n_components': 100}",0.8413793103448276,0.832183908045977,0.8620689655172413,0.8452107279693486,0.012497706076858295,13
14,0.5278573830922445,0.02276123571982815,0.036214987436930336,0.0005660172336936142,2,0.1,poly,500,"{'kpca__degree': 2, 'kpca__gamma': 0.1, 'kpca__kernel': 'poly', 'kpca__n_components': 500}",0.8781609195402299,0.8735632183908046,0.8505747126436781,0.8674329501915709,0.012067445017642653,6
15,0.2550836404164632,0.004434480402381898,0.025643189748128254,0.00116368540728465,2,0.1,sigmoid,50,"{'kpca__degree': 2, 'kpca__gamma': 0.1, 'kpca__kernel': 'sigmoid', 'kpca__n_components': 50}",0.49885057471264366,0.5494252873563218,0.503448275862069,0.5172413793103448,0.022834734752109315,88
16,0.3072512149810791,0.0037479402454754732,0.02979437510172526,0.0017426010992623133,2,0.1,sigmoid,100,"{'kpca__degree': 2, 'kpca__gamma': 0.1, 'kpca__kernel': 'sigmoid', 'kpca__n_components': 100}",0.5103448275862069,0.5494252873563218,0.5011494252873563,0.5203065134099617,0.020929502350571113,85
17,0.7861629327138265,0.057657128299897394,0.06843709945678711,0.0023180034448396147,2,0.1,sigmoid,500,"{'kpca__degree': 2, 'kpca__gamma': 0.1, 'kpca__kernel': 'sigmoid', 'kpca__n_components': 500}",0.5103448275862069,0.5471264367816092,0.5080459770114942,0.5218390804597701,0.01790547347976694,82
18,0.20441571871439615,0.014271532647819432,0.01573634147644043,0.0013823954136541763,2,0.5,poly,50,"{'kpca__degree': 2, 'kpca__gamma': 0.5, 'kpca__kernel': 'poly', 'kpca__n_components': 50}",0.832183908045977,0.8,0.8459770114942529,0.8260536398467432,0.019264069103412284,27
19,0.20256471633911133,0.005983867641848938,0.016637881596883137,0.00017954447536121983,2,0.5,poly,100,"{'kpca__degree': 2, 'kpca__gamma': 0.5, 'kpca__kernel': 'poly', 'kpca__n_components': 100}",0.8390804597701149,0.8206896551724138,0.8390804597701149,0.8329501915708812,0.008669508428340812,21
20,0.508336067199707,0.012704821692801335,0.03650363286336263,0.0006483585757491329,2,0.5,poly,500,"{'kpca__degree': 2, 'kpca__gamma': 0.5, 'kpca__kernel': 'poly', 'kpca__n_components': 500}",0.8666666666666667,0.8597701149425288,0.8459770114942529,0.8574712643678161,0.008601511233963102,7
21,0.24886401494344076,0.0030931997375442132,0.024621009826660156,0.00020092137832267078,2,0.5,sigmoid,50,"{'kpca__degree': 2, 'kpca__gamma': 0.5, 'kpca__kernel': 'sigmoid', 'kpca__n_components': 50}",0.5885057471264368,0.6,0.5678160919540229,0.5854406130268199,0.013316587890408264,76
22,0.33621740341186523,0.009703789203274365,0.0283356507619222,0.0005441101431570991,2,0.5,sigmoid,100,"{'kpca__degree': 2, 'kpca__gamma': 0.5, 'kpca__kernel': 'sigmoid', 'kpca__n_components': 100}",0.5977011494252874,0.6091954022988506,0.5701149425287356,0.5923371647509579,0.016399183570140016,64
23,0.8044629096984863,0.04293602938833223,0.06992705663045247,0.006648650549362978,2,0.5,sigmoid,500,"{'kpca__degree': 2, 'kpca__gamma': 0.5, 'kpca__kernel': 'sigmoid', 'kpca__n_components': 500}",0.6068965517241379,0.6206896551724138,0.5724137931034483,0.6,0.020302898543282398,52
24,0.20465826988220215,0.016114417608089536,0.014371713002522787,2.7989118153274144e-05,2,1,poly,50,"{'kpca__degree': 2, 'kpca__gamma': 1, 'kpca__kernel': 'poly', 'kpca__n_components': 50}",0.825287356321839,0.8091954022988506,0.8436781609195402,0.8260536398467432,0.014087951196053805,27
25,0.20248309771219888,0.00599479749042834,0.01688083012898763,9.700683964257316e-05,2,1,poly,100,"{'kpca__degree': 2, 'kpca__gamma': 1, 'kpca__kernel': 'poly', 'kpca__n_components': 100}",0.8344827586206897,0.8160919540229885,0.8390804597701149,0.8298850574712643,0.009932169652732345,23
26,0.5273322264353434,0.02393156031804544,0.0370333194732666,0.0009445326874229666,2,1,poly,500,"{'kpca__degree': 2, 'kpca__gamma': 1, 'kpca__kernel': 'poly', 'kpca__n_components': 500}",0.8666666666666667,0.8597701149425288,0.8413793103448276,0.8559386973180078,0.010673094465275191,9
27,0.24410669008890787,0.0018980510552716078,0.024938027064005535,0.0019456242024601036,2,1,sigmoid,50,"{'kpca__degree': 2, 'kpca__gamma': 1, 'kpca__kernel': 'sigmoid', 'kpca__n_components': 50}",0.6091954022988506,0.6045977011494252,0.5724137931034483,0.5954022988505747,0.01636333831728935,61
28,0.31555644671122235,0.004401615342462806,0.02823321024576823,0.00034660662583826046,2,1,sigmoid,100,"{'kpca__degree': 2, 'kpca__gamma': 1, 'kpca__kernel': 'sigmoid', 'kpca__n_components': 100}",0.6160919540229886,0.6137931034482759,0.5678160919540229,0.5992337164750958,0.022235430082064262,55
29,0.8007516860961914,0.04286686944063652,0.07250277201334636,0.005160466650210971,2,1,sigmoid,500,"{'kpca__degree': 2, 'kpca__gamma': 1, 'kpca__kernel': 'sigmoid', 'kpca__n_components': 500}",0.5977011494252874,0.6252873563218391,0.5747126436781609,0.5992337164750957,0.020675459867022294,58
30,0.20801639556884766,0.011300741793977128,0.016477266947428387,0.0025757535227182533,2,5,poly,50,"{'kpca__degree': 2, 'kpca__gamma': 5, 'kpca__kernel': 'poly', 'kpca__n_components': 50}",0.825287356321839,0.8160919540229885,0.832183908045977,0.8245210727969349,0.006591820128001994,30
31,0.20468735694885254,0.009138886910480376,0.016183773676554363,0.000158523116975198,2,5,poly,100,"{'kpca__degree': 2, 'kpca__gamma': 5, 'kpca__kernel': 'poly', 'kpca__n_components': 100}",0.8344827586206897,0.8183908045977012,0.8367816091954023,0.8298850574712645,0.008181669158644675,22
32,0.5123716990152994,0.016324009701324468,0.0390013853708903,0.0020169338542340926,2,5,poly,500,"{'kpca__degree': 2, 'kpca__gamma': 5, 'kpca__kernel': 'poly', 'kpca__n_components': 500}",0.864367816091954,0.8574712643678161,0.8367816091954023,0.8528735632183908,0.01172188393929373,10
33,0.25763869285583496,0.008767338580897711,0.038883606592814125,0.016910040924256634,2,5,sigmoid,50,"{'kpca__degree': 2, 'kpca__gamma': 5, 'kpca__kernel': 'sigmoid', 'kpca__n_components': 50}",0.6022988505747127,0.5977011494252874,0.5632183908045977,0.5877394636015326,0.01744031674596331,73
34,0.334717591603597,0.01788203820796839,0.028769731521606445,0.0008863149884093897,2,5,sigmoid,100,"{'kpca__degree': 2, 'kpca__gamma': 5, 'kpca__kernel': 'sigmoid', 'kpca__n_components': 100}",0.5839080459770115,0.6229885057471264,0.5655172413793104,0.5908045977011495,0.023963978193274893,70
35,0.7953490416208903,0.021739085791782915,0.06838560104370117,0.0009521122497562788,2,5,sigmoid,500,"{'kpca__degree': 2, 'kpca__gamma': 5, 'kpca__kernel': 'sigmoid', 'kpca__n_components': 500}",0.5816091954022988,0.6275862068965518,0.5678160919540229,0.5923371647509578,0.02555299923453347,67
36,0.24517297744750977,0.04531857418114944,0.041575352350870766,0.022494380725396182,3,0.005,poly,50,"{'kpca__degree': 3, 'kpca__gamma': 0.005, 'kpca__kernel': 'poly', 'kpca__n_components': 50}",0.7448275862068966,0.8045977011494253,0.664367816091954,0.7379310344827587,0.05745593665335017,51
37,0.31171337763468426,0.08125005834303185,0.028860727945963543,0.00160718634795674,3,0.005,poly,100,"{'kpca__degree': 3, 'kpca__gamma': 0.005, 'kpca__kernel': 'poly', 'kpca__n_components': 100}",0.7632183908045977,0.8183908045977012,0.6896551724137931,0.7570881226053641,0.0527345610240161,47
38,0.6388617356618246,0.023416132010269694,0.05939261118570963,0.005173103547381809,3,0.005,poly,500,"{'kpca__degree': 3, 'kpca__gamma': 0.005, 'kpca__kernel': 'poly', 'kpca__n_components': 500}",0.8206896551724138,0.8459770114942529,0.7264367816091954,0.7977011494252872,0.05143811937728245,42
39,0.259919007619222,0.003968308716472616,0.02770344416300456,0.001266352995558137,3,0.005,sigmoid,50,"{'kpca__degree': 3, 'kpca__gamma': 0.005, 'kpca__kernel': 'sigmoid', 'kpca__n_components': 50}",0.40229885057471265,0.37471264367816093,0.34942528735632183,0.3754789272030652,0.021592341461464173,91
40,0.3210109869639079,0.003130710166424798,0.0298614501953125,0.001514738099660565,3,0.005,sigmoid,100,"{'kpca__degree': 3, 'kpca__gamma': 0.005, 'kpca__kernel': 'sigmoid', 'kpca__n_components': 100}",0.4,0.37471264367816093,0.34942528735632183,0.37471264367816093,0.020647039977482736,97
41,0.7991859912872314,0.024571408736718387,0.06966296831766765,0.0017492941513891057,3,0.005,sigmoid,500,"{'kpca__degree': 3, 'kpca__gamma': 0.005, 'kpca__kernel': 'sigmoid', 'kpca__n_components': 500}",0.4,0.37471264367816093,0.35172413793103446,0.37547892720306514,0.019715985180488303,94
42,0.17162402470906576,0.006057281800331112,0.02374855677286784,0.0007472175794200189,3,0.01,poly,50,"{'kpca__degree': 3, 'kpca__gamma': 0.01, 'kpca__kernel': 'poly', 'kpca__n_components': 50}",0.8689655172413793,0.8436781609195402,0.8574712643678161,0.8567049808429118,0.010337729933511149,8
43,0.19960776964823404,0.00396988811469222,0.024758656819661457,0.0025078383276515097,3,0.01,poly,100,"{'kpca__degree': 3, 'kpca__gamma': 0.01, 'kpca__kernel': 'poly', 'kpca__n_components': 100}",0.8873563218390804,0.8781609195402299,0.871264367816092,0.878927203065134,0.006591820128001994,2
44,0.5147030353546143,0.005320984017966929,0.04352402687072754,0.0023641734012487536,3,0.01,poly,500,"{'kpca__degree': 3, 'kpca__gamma': 0.01, 'kpca__kernel': 'poly', 'kpca__n_components': 500}",0.8781609195402299,0.8827586206896552,0.871264367816092,0.8773946360153256,0.004723688891163962,3
45,0.26282739639282227,0.003755528848529257,0.025764306386311848,0.0005068363418082825,3,0.01,sigmoid,50,"{'kpca__degree': 3, 'kpca__gamma': 0.01, 'kpca__kernel': 'sigmoid', 'kpca__n_components': 50}",0.37471264367816093,0.3724137931034483,0.3310344827586207,0.3593869731800767,0.020070192879247203,100
46,0.32418107986450195,0.00439609215830539,0.03021526336669922,0.0004126661280170838,3,0.01,sigmoid,100,"{'kpca__degree': 3, 'kpca__gamma': 0.01, 'kpca__kernel': 'sigmoid', 'kpca__n_components': 100}",0.3724137931034483,0.3724137931034483,0.3310344827586207,0.3586206896551724,0.01950639396376684,103
47,0.7846326033274332,0.00716107170673118,0.0709683100382487,0.0021164870520799534,3,0.01,sigmoid,500,"{'kpca__degree': 3, 'kpca__gamma': 0.01, 'kpca__kernel': 'sigmoid', 'kpca__n_components': 500}",0.3724137931034483,0.3724137931034483,0.3310344827586207,0.3586206896551724,0.01950639396376684,103
48,0.5694317817687988,0.0930027718291532,0.021085580190022785,0.0013624915189676121,3,0.1,poly,50,"{'kpca__degree': 3, 'kpca__gamma': 0.1, 'kpca__kernel': 'poly', 'kpca__n_components': 50}",0.832183908045977,0.8551724137931035,0.8505747126436781,0.845977011494253,0.009932169652732378,11
49,0.32814868291219074,0.04879934977914143,0.021806637446085613,0.0008101259916562613,3,0.1,poly,100,"{'kpca__degree': 3, 'kpca__gamma': 0.1, 'kpca__kernel': 'poly', 'kpca__n_components': 100}",0.8206896551724138,0.8344827586206897,0.8528735632183908,0.836015325670498,0.013183640256004037,18
50,0.47595834732055664,0.007273624732576357,0.04142324129740397,0.001161000225636697,3,0.1,poly,500,"{'kpca__degree': 3, 'kpca__gamma': 0.1, 'kpca__kernel': 'poly', 'kpca__n_components': 500}",0.7931034482758621,0.8367816091954023,0.832183908045977,0.8206896551724139,0.019596493260604468,33
51,0.24897432327270508,0.0008708275291849487,0.027290741602579754,0.00128513339789361,3,0.1,sigmoid,50,"{'kpca__degree': 3, 'kpca__gamma': 0.1, 'kpca__kernel': 'sigmoid', 'kpca__n_components': 50}",0.49885057471264366,0.5494252873563218,0.503448275862069,0.5172413793103448,0.022834734752109315,88
52,0.33215928077697754,0.033129386505838646,0.028875986735026043,0.001301163759281007,3,0.1,sigmoid,100,"{'kpca__degree': 3, 'kpca__gamma': 0.1, 'kpca__kernel': 'sigmoid', 'kpca__n_components': 100}",0.5103448275862069,0.5494252873563218,0.5011494252873563,0.5203065134099617,0.020929502350571113,85
53,0.7495075066884359,0.007271906276397947,0.06935985883076985,0.002070641502250744,3,0.1,sigmoid,500,"{'kpca__degree': 3, 'kpca__gamma': 0.1, 'kpca__kernel': 'sigmoid', 'kpca__n_components': 500}",0.5103448275862069,0.5471264367816092,0.5080459770114942,0.5218390804597701,0.01790547347976694,82
54,0.5196916262308756,0.02830298959881182,0.021559715270996094,0.0011678933711971994,3,0.5,poly,50,"{'kpca__degree': 3, 'kpca__gamma': 0.5, 'kpca__kernel': 'poly', 'kpca__n_components': 50}",0.8091954022988506,0.8528735632183908,0.825287356321839,0.8291187739463601,0.018036172101057204,24
55,0.3349192142486572,0.02962293956870442,0.020864009857177734,0.00032199556743361994,3,0.5,poly,100,"{'kpca__degree': 3, 'kpca__gamma': 0.5, 'kpca__kernel': 'poly', 'kpca__n_components': 100}",0.8,0.8390804597701149,0.825287356321839,0.821455938697318,0.016182921135588377,32
56,0.4727531274159749,0.0017138930050590786,0.03836941719055176,0.001275841077144981,3,0.5,poly,500,"{'kpca__degree': 3, 'kpca__gamma': 0.5, 'kpca__kernel': 'poly', 'kpca__n_components': 500}",0.8068965517241379,0.8,0.8344827586206897,0.8137931034482758,0.014898254479098524,35
57,0.24836389223734537,0.006098893845632072,0.025438706080118816,0.00045463675921785846,3,0.5,sigmoid,50,"{'kpca__degree': 3, 'kpca__gamma': 0.5, 'kpca__kernel': 'sigmoid', 'kpca__n_components': 50}",0.5885057471264368,0.6,0.5678160919540229,0.5854406130268199,0.013316587890408264,76
58,0.3534402052561442,0.05337574780017131,0.03045932451883952,0.0004220906453718578,3,0.5,sigmoid,100,"{'kpca__degree': 3, 'kpca__gamma': 0.5, 'kpca__kernel': 'sigmoid', 'kpca__n_components': 100}",0.5977011494252874,0.6091954022988506,0.5701149425287356,0.5923371647509579,0.016399183570140016,64
59,0.7921679814656576,0.022357912363327133,0.07539876302083333,0.006332173883718265,3,0.5,sigmoid,500,"{'kpca__degree': 3, 'kpca__gamma': 0.5, 'kpca__kernel': 'sigmoid', 'kpca__n_components': 500}",0.6068965517241379,0.6206896551724138,0.5724137931034483,0.6,0.020302898543282398,52
60,0.5114274819691976,0.03504728896211649,0.018564860026041668,0.0003529825690435776,3,1,poly,50,"{'kpca__degree': 3, 'kpca__gamma': 1, 'kpca__kernel': 'poly', 'kpca__n_components': 50}",0.8160919540229885,0.8597701149425288,0.8275862068965517,0.8344827586206897,0.01848634188783881,19
61,0.34687455495198566,0.019283739226703143,0.02469603220621745,0.005991854252774751,3,1,poly,100,"{'kpca__degree': 3, 'kpca__gamma': 1, 'kpca__kernel': 'poly', 'kpca__n_components': 100}",0.7908045977011494,0.8482758620689655,0.8390804597701149,0.8260536398467432,0.025205952802143345,27
62,0.4857880274454753,0.034040125904159425,0.04095141092936198,0.003137407817810688,3,1,poly,500,"{'kpca__degree': 3, 'kpca__gamma': 1, 'kpca__kernel': 'poly', 'kpca__n_components': 500}",0.8022988505747126,0.8022988505747126,0.8367816091954023,0.8137931034482758,0.016255328303139055,35
63,0.2450679143269857,0.00291666664931524,0.024612983067830402,0.00041810781007067506,3,1,sigmoid,50,"{'kpca__degree': 3, 'kpca__gamma': 1, 'kpca__kernel': 'sigmoid', 'kpca__n_components': 50}",0.6091954022988506,0.6045977011494252,0.5724137931034483,0.5954022988505747,0.01636333831728935,61
64,0.3183449904123942,0.005660904683663072,0.028959035873413086,0.0005578769573329803,3,1,sigmoid,100,"{'kpca__degree': 3, 'kpca__gamma': 1, 'kpca__kernel': 'sigmoid', 'kpca__n_components': 100}",0.6160919540229886,0.6137931034482759,0.5678160919540229,0.5992337164750958,0.022235430082064262,55
65,0.7937807242075602,0.032881032432218814,0.06671571731567383,0.0009113081887186645,3,1,sigmoid,500,"{'kpca__degree': 3, 'kpca__gamma': 1, 'kpca__kernel': 'sigmoid', 'kpca__n_components': 500}",0.5977011494252874,0.6252873563218391,0.5747126436781609,0.5992337164750957,0.020675459867022294,58
66,0.5260260899861654,0.04686525986021733,0.018971363703409832,0.0006948757740912016,3,5,poly,50,"{'kpca__degree': 3, 'kpca__gamma': 5, 'kpca__kernel': 'poly', 'kpca__n_components': 50}",0.8068965517241379,0.8528735632183908,0.825287356321839,0.828352490421456,0.01889475556465589,25
67,0.33706029256184894,0.030902976631028,0.021193424860636394,0.0011563193647359622,3,5,poly,100,"{'kpca__degree': 3, 'kpca__gamma': 5, 'kpca__kernel': 'poly', 'kpca__n_components': 100}",0.7885057471264367,0.8505747126436781,0.832183908045977,0.8237547892720306,0.026031092339406946,31
68,0.484749714533488,0.028588525741670496,0.04070130983988444,0.0018245399657695757,3,5,poly,500,"{'kpca__degree': 3, 'kpca__gamma': 5, 'kpca__kernel': 'poly', 'kpca__n_components': 500}",0.8022988505747126,0.8,0.8344827586206897,0.8122605363984675,0.015741485505114276,37
69,0.24773311614990234,0.00413456523682565,0.024444182713826496,0.0016159657110847443,3,5,sigmoid,50,"{'kpca__degree': 3, 'kpca__gamma': 5, 'kpca__kernel': 'sigmoid', 'kpca__n_components': 50}",0.6022988505747127,0.5977011494252874,0.5632183908045977,0.5877394636015326,0.01744031674596331,73
70,0.3194371859232585,0.002688335728162472,0.02933367093404134,0.002098387587189425,3,5,sigmoid,100,"{'kpca__degree': 3, 'kpca__gamma': 5, 'kpca__kernel': 'sigmoid', 'kpca__n_components': 100}",0.5839080459770115,0.6229885057471264,0.5655172413793104,0.5908045977011495,0.023963978193274893,70
71,0.8110293547312418,0.035115679924906086,0.0686953067779541,0.0027131804960831363,3,5,sigmoid,500,"{'kpca__degree': 3, 'kpca__gamma': 5, 'kpca__kernel': 'sigmoid', 'kpca__n_components': 500}",0.5816091954022988,0.6275862068965518,0.5678160919540229,0.5923371647509578,0.02555299923453347,67
72,0.23015268643697104,0.05558572896883645,0.023798068364461262,0.0013944136705371997,4,0.005,poly,50,"{'kpca__degree': 4, 'kpca__gamma': 0.005, 'kpca__kernel': 'poly', 'kpca__n_components': 50}",0.8528735632183908,0.8551724137931035,0.8137931034482758,0.8406130268199233,0.018987757384465728,17
73,0.22469178835550943,0.007537194519585252,0.02661593755086263,0.0007919724116304469,4,0.005,poly,100,"{'kpca__degree': 4, 'kpca__gamma': 0.005, 'kpca__kernel': 'poly', 'kpca__n_components': 100}",0.832183908045977,0.8689655172413793,0.832183908045977,0.8444444444444444,0.017339016856681624,14
74,0.5718262195587158,0.02853022265775795,0.049350897471110024,0.0019922017777072505,4,0.005,poly,500,"{'kpca__degree': 4, 'kpca__gamma': 0.005, 'kpca__kernel': 'poly', 'kpca__n_components': 500}",0.8183908045977012,0.8620689655172413,0.8574712643678161,0.8459770114942528,0.019596493260604437,12
75,0.2716536521911621,0.00898987636209512,0.026601155598958332,0.0024666961971680605,4,0.005,sigmoid,50,"{'kpca__degree': 4, 'kpca__gamma': 0.005, 'kpca__kernel': 'sigmoid', 'kpca__n_components': 50}",0.40229885057471265,0.37471264367816093,0.34942528735632183,0.3754789272030652,0.021592341461464173,91
76,0.3416389624277751,0.03164495883370684,0.029625336329142254,0.0005839289228422182,4,0.005,sigmoid,100,"{'kpca__degree': 4, 'kpca__gamma': 0.005, 'kpca__kernel': 'sigmoid', 'kpca__n_components': 100}",0.4,0.37471264367816093,0.34942528735632183,0.37471264367816093,0.020647039977482736,97
77,0.7829189300537109,0.003362801729273768,0.07027467091878255,0.00016699485093303192,4,0.005,sigmoid,500,"{'kpca__degree': 4, 'kpca__gamma': 0.005, 'kpca__kernel': 'sigmoid', 'kpca__n_components': 500}",0.4,0.37471264367816093,0.35172413793103446,0.37547892720306514,0.019715985180488303,94
78,0.16849605242411295,0.004104644606275505,0.022417306900024414,0.0006623481253171775,4,0.01,poly,50,"{'kpca__degree': 4, 'kpca__gamma': 0.01, 'kpca__kernel': 'poly', 'kpca__n_components': 50}",0.8827586206896552,0.8574712643678161,0.8850574712643678,0.875095785440613,0.012497706076858324,4
79,0.21810237566630045,0.0348185590470437,0.022872209548950195,0.0010313730351291673,4,0.01,poly,100,"{'kpca__degree': 4, 'kpca__gamma': 0.01, 'kpca__kernel': 'poly', 'kpca__n_components': 100}",0.8919540229885058,0.8574712643678161,0.8942528735632184,0.8812260536398467,0.016823370421532695,1
80,0.49956170717875165,0.03325358053500491,0.04359165827433268,0.004533116830824777,4,0.01,poly,500,"{'kpca__degree': 4, 'kpca__gamma': 0.01, 'kpca__kernel': 'poly', 'kpca__n_components': 500}",0.8735632183908046,0.8850574712643678,0.8551724137931035,0.871264367816092,0.012308335941922608,5
81,0.26060064633687335,0.0033210703736554163,0.028457244237263996,0.0009040478391704493,4,0.01,sigmoid,50,"{'kpca__degree': 4, 'kpca__gamma': 0.01, 'kpca__kernel': 'sigmoid', 'kpca__n_components': 50}",0.37471264367816093,0.3724137931034483,0.3310344827586207,0.3593869731800767,0.020070192879247203,100
82,0.3209092617034912,0.003696542548379563,0.03148237864176432,0.002653580843847781,4,0.01,sigmoid,100,"{'kpca__degree': 4, 'kpca__gamma': 0.01, 'kpca__kernel': 'sigmoid', 'kpca__n_components': 100}",0.3724137931034483,0.3724137931034483,0.3310344827586207,0.3586206896551724,0.01950639396376684,103
83,0.8396616776784261,0.0435987917958801,0.07449730237325032,0.0021059221653549802,4,0.01,sigmoid,500,"{'kpca__degree': 4, 'kpca__gamma': 0.01, 'kpca__kernel': 'sigmoid', 'kpca__n_components': 500}",0.3724137931034483,0.3724137931034483,0.3310344827586207,0.3586206896551724,0.01950639396376684,103
84,7.5011054674784345,2.2803762115361965,0.019498189290364582,0.0005747040601726145,4,0.1,poly,50,"{'kpca__degree': 4, 'kpca__gamma': 0.1, 'kpca__kernel': 'poly', 'kpca__n_components': 50}",0.7770114942528735,0.8298850574712644,0.8068965517241379,0.8045977011494253,0.02164666190318092,38
85,1.8626920382181804,0.6015878140152886,0.022369861602783203,0.0007995447535735603,4,0.1,poly,100,"{'kpca__degree': 4, 'kpca__gamma': 0.1, 'kpca__kernel': 'poly', 'kpca__n_components': 100}",0.8,0.8229885057471265,0.8275862068965517,0.8168582375478928,0.0120674450176426,34
86,0.5489219029744467,0.03546929468404561,0.03921365737915039,0.002673152192250439,4,0.1,poly,500,"{'kpca__degree': 4, 'kpca__gamma': 0.1, 'kpca__kernel': 'poly', 'kpca__n_components': 500}",0.7632183908045977,0.7333333333333333,0.8091954022988506,0.7685823754789273,0.031201951067436534,46
87,0.3111271858215332,0.07008592705657662,0.025433063507080078,0.0011417382251233264,4,0.1,sigmoid,50,"{'kpca__degree': 4, 'kpca__gamma': 0.1, 'kpca__kernel': 'sigmoid', 'kpca__n_components': 50}",0.49885057471264366,0.5494252873563218,0.503448275862069,0.5172413793103448,0.022834734752109315,88
88,0.30446283022562665,0.0013944779828004954,0.029061317443847656,0.0011125894042748519,4,0.1,sigmoid,100,"{'kpca__degree': 4, 'kpca__gamma': 0.1, 'kpca__kernel': 'sigmoid', 'kpca__n_components': 100}",0.5103448275862069,0.5494252873563218,0.5011494252873563,0.5203065134099617,0.020929502350571113,85
89,0.7423733075459799,0.008449319027147574,0.07345803578694661,0.013374024347791754,4,0.1,sigmoid,500,"{'kpca__degree': 4, 'kpca__gamma': 0.1, 'kpca__kernel': 'sigmoid', 'kpca__n_components': 500}",0.5103448275862069,0.5471264367816092,0.5080459770114942,0.5218390804597701,0.01790547347976694,82
90,9.536360025405884,2.5005917941800258,0.01964600880940755,0.0003766699836909571,4,0.5,poly,50,"{'kpca__degree': 4, 'kpca__gamma': 0.5, 'kpca__kernel': 'poly', 'kpca__n_components': 50}",0.7609195402298851,0.8091954022988506,0.7724137931034483,0.7808429118773947,0.020590082517309424,45
91,2.0881567001342773,0.48379761498295,0.02678370475769043,0.007040430231815569,4,0.5,poly,100,"{'kpca__degree': 4, 'kpca__gamma': 0.5, 'kpca__kernel': 'poly', 'kpca__n_components': 100}",0.7724137931034483,0.8206896551724138,0.8206896551724138,0.8045977011494253,0.022757459624394627,38
92,0.6150937875111898,0.0712574129049407,0.03658954302469889,0.0007951518838874089,4,0.5,poly,500,"{'kpca__degree': 4, 'kpca__gamma': 0.5, 'kpca__kernel': 'poly', 'kpca__n_components': 500}",0.7494252873563219,0.7172413793103448,0.7816091954022989,0.7494252873563219,0.02627805088043258,48
93,0.24419895807902017,0.0020128738932335055,0.024023930231730144,0.0007903855146087737,4,0.5,sigmoid,50,"{'kpca__degree': 4, 'kpca__gamma': 0.5, 'kpca__kernel': 'sigmoid', 'kpca__n_components': 50}",0.5885057471264368,0.6,0.5678160919540229,0.5854406130268199,0.013316587890408264,76
94,0.3149864673614502,0.004627346515966694,0.028957605361938477,0.000529169378368315,4,0.5,sigmoid,100,"{'kpca__degree': 4, 'kpca__gamma': 0.5, 'kpca__kernel': 'sigmoid', 'kpca__n_components': 100}",0.5977011494252874,0.6091954022988506,0.5701149425287356,0.5923371647509579,0.016399183570140016,64
95,0.7767480214436849,0.025268866081257592,0.06717212994893391,0.0014014902281846528,4,0.5,sigmoid,500,"{'kpca__degree': 4, 'kpca__gamma': 0.5, 'kpca__kernel': 'sigmoid', 'kpca__n_components': 500}",0.6068965517241379,0.6206896551724138,0.5724137931034483,0.6,0.020302898543282398,52
96,8.986032247543335,2.8427727916994727,0.019249121348063152,0.0004400896271741357,4,1,poly,50,"{'kpca__degree': 4, 'kpca__gamma': 1, 'kpca__kernel': 'poly', 'kpca__n_components': 50}",0.774712643678161,0.8091954022988506,0.7839080459770115,0.789272030651341,0.014579538383479258,43
97,2.1021589438120523,0.4966934853604826,0.021146376927693684,0.0006105008766369976,4,1,poly,100,"{'kpca__degree': 4, 'kpca__gamma': 1, 'kpca__kernel': 'poly', 'kpca__n_components': 100}",0.774712643678161,0.825287356321839,0.8045977011494253,0.8015325670498085,0.020760486105967885,40
98,0.6306466261545817,0.10661086471906414,0.03748138745625814,0.0013591107140123958,4,1,poly,500,"{'kpca__degree': 4, 'kpca__gamma': 1, 'kpca__kernel': 'poly', 'kpca__n_components': 500}",0.7425287356321839,0.7057471264367816,0.7862068965517242,0.7448275862068966,0.032887760511685724,49
99,0.2469965616861979,0.0039589379733465935,0.023889700571695965,0.0011800571721907868,4,1,sigmoid,50,"{'kpca__degree': 4, 'kpca__gamma': 1, 'kpca__kernel': 'sigmoid', 'kpca__n_components': 50}",0.6091954022988506,0.6045977011494252,0.5724137931034483,0.5954022988505747,0.01636333831728935,61
100,0.31749868392944336,0.0012988543098155655,0.028766314188639324,0.001181976408473823,4,1,sigmoid,100,"{'kpca__degree': 4, 'kpca__gamma': 1, 'kpca__kernel': 'sigmoid', 'kpca__n_components': 100}",0.6160919540229886,0.6137931034482759,0.5678160919540229,0.5992337164750958,0.022235430082064262,55
101,0.8088803291320801,0.029203504541825877,0.07180380821228027,0.004268392584483972,4,1,sigmoid,500,"{'kpca__degree': 4, 'kpca__gamma': 1, 'kpca__kernel': 'sigmoid', 'kpca__n_components': 500}",0.5977011494252874,0.6252873563218391,0.5747126436781609,0.5992337164750957,0.020675459867022294,58
102,8.153848648071289,2.3003336731660897,0.038486480712890625,0.025643019599349903,4,5,poly,50,"{'kpca__degree': 4, 'kpca__gamma': 5, 'kpca__kernel': 'poly', 'kpca__n_components': 50}",0.7816091954022989,0.8114942528735632,0.767816091954023,0.7869731800766284,0.018230463223556048,44
103,2.0008954207102456,0.4803026988743866,0.020980676015218098,0.0007619474919540362,4,5,poly,100,"{'kpca__degree': 4, 'kpca__gamma': 5, 'kpca__kernel': 'poly', 'kpca__n_components': 100}",0.7701149425287356,0.8160919540229885,0.8068965517241379,0.7977011494252874,0.01986433930546472,41
104,0.581790049870809,0.028398941299850152,0.03595757484436035,0.0011589545032351632,4,5,poly,500,"{'kpca__degree': 4, 'kpca__gamma': 5, 'kpca__kernel': 'poly', 'kpca__n_components': 500}",0.7310344827586207,0.6896551724137931,0.7954022988505747,0.7386973180076629,0.043509791774952886,50
105,0.2457273801167806,0.0019970348393807164,0.023869911829630535,0.000935990113002306,4,5,sigmoid,50,"{'kpca__degree': 4, 'kpca__gamma': 5, 'kpca__kernel': 'sigmoid', 'kpca__n_components': 50}",0.6022988505747127,0.5977011494252874,0.5632183908045977,0.5877394636015326,0.01744031674596331,73
106,0.3340444564819336,0.02296419708198454,0.051371256510416664,0.029273373603661935,4,5,sigmoid,100,"{'kpca__degree': 4, 'kpca__gamma': 5, 'kpca__kernel': 'sigmoid', 'kpca__n_components': 100}",0.5839080459770115,0.6229885057471264,0.5655172413793104,0.5908045977011495,0.023963978193274893,70
107,0.7786072889963785,0.012496834936951733,0.0694429874420166,0.0005044428947611668,4,5,sigmoid,500,"{'kpca__degree': 4, 'kpca__gamma': 5, 'kpca__kernel': 'sigmoid', 'kpca__n_components': 500}",0.5816091954022988,0.6275862068965518,0.5678160919540229,0.5923371647509578,0.02555299923453347,67
